{
  "type": "origins:stacking_status_effect",
  "min_stacks": 0,
  "max_stacks": 1,
  "duration_per_stack": 20,
  "cooldown": 100,
  "effect": {
    "effect": "minecraft:speed",
    "duration": 100,
    "amplifier": 1,
    "show_particles": false,
    "show_icon": false
  },
  "hud_render": {
    "should_render": true,
    "bar_index": 8
  },
  "condition": {
    "type": "origins:power_active",
    "power": "origins:phantomize"
  },
  "name": "Voltaic Dash",
  "description": "The Energy that rushes through your veins is unleashed, in a high voltage dash."
}