{
"hidden": false,
  "type": "origins:restrict_armor",
  "head": {
    "type": "origins:or",
    "conditions": [{
      "type": "origins:ingredient",
      "ingredient": {
        "item": "minecraft:netherite_helmet"
      }
    },
      {
        "type": "origins:ingredient",
        "ingredient": {
          "item": "minecraft:diamond_helmet"
        }
      }
    ]
  },
  "chest": {
    "type": "origins:or",
    "conditions": [{
      "type": "origins:ingredient",
      "ingredient": {
        "item": "minecraft:netherite_chestplate"
      }
    },
      {
        "type": "origins:ingredient",
        "ingredient": {
          "item": "minecraft:diamond_chestplate"
        }
      }
    ]
  },
  "legs": {
    "type": "origins:or",
    "conditions": [{
      "type": "origins:ingredient",
      "ingredient": {
        "item": "minecraft:netherite_leggings"
      }
    },
      {
        "type": "origins:ingredient",
        "ingredient": {
          "item": "minecraft:diamond_leggings"
        }
      }
    ]
  },
  "feet": {
    "type": "origins:or",
    "conditions": [{
      "type": "origins:ingredient",
      "ingredient": {
        "item": "minecraft:netherite_boots"
      }
    },
      {
        "type": "origins:ingredient",
        "ingredient": {
          "item": "minecraft:diamond_boots"
        }
      }
    ]
  },
  "name": "Flexibility",
  "description": "You cannot wear armor better than iron, as you need the freedom of movement."
}