{
	"type": "origins:active_self",	
	"entity_action": 
	{
		"type": "origins:execute_command",
		"command": "execute run function additional:milk",
		"permission_level": 4
	},
	"condition": 
	{
		"type": "origins:equipped_item",
		"equipment_slot": "mainhand",
		"item_condition": 
		{
			"type": "origins:ingredient",
			"ingredient": 
			{
				"item": "minecraft:bucket"
			}
		}
	},
	"cooldown": 3600,
	"hud_render": 
	{
		"should_render": true,
		"bar_index": 5
	},
	"name": "Milk",
	"description": "Press 'G' to milk yourself if you are holding an empty bucket."
}