{
  "name": "True Creeper",
  "hidden": true,
  "type": "origins:action_over_time",
  "interval": 20,
  "entity_action": {
    "type": "origins:and",
    "actions": [
      {
        "type":"origins:execute_command",
        "command": "team add Creeper",
        "permission_level": 4
      }, {
        "type":"origins:execute_command",
        "command": "team join Creeper @p",
        "permission_level": 4
      }, {
        "type": "origins:execute_command",
        "command": "team join Creeper @e[type=minecraft:creeper]",
        "permission_level": 4
      }
    ]
  }
}