{
	"powers": [
		"ender_dragon:falconpunch",
		"ender_dragon:fury",
		"ender_dragon:lessfood",
		"ender_dragon:however",
		"ender_dragon:slapper",
		"ender_dragon:glowin",
		"ender_dragon:scales",
		"ender_dragon:dragonpower",
		"ender_dragon:size_mod",
		"ender_dragon:selfdamage",
		"ender_dragon:jumpmod",
		"ender_dragon:runmod",
		"ender_dragon:more",
		"ender_dragon:girth",
		"ender_dragon:girth_dummy",
		"ender_dragon:part",
		"ender_dragon:ouch",
		"origins:vegetarian",
		"origins:strong_arms"
		
	
	],
	"icon":"minecraft:dragon_egg",
	"order":4,
	"impact":3,
	"name": "Dragonkin",
	"description": "The Ender Dragon's daughters are incredibly powerful forces of void energy with a burning thirst for revenge of the End's decay."
}