{
"hidden": false,
"type": "origins:restrict_armor",
  "head": {
    "type": "origins:armor_value",
    "inverted": false,
    "comparison": "<=",
    "compare_to": 500
  },
  "chest": {
    "type": "origins:armor_value",
    "inverted": false,
    "comparison": "<=",
    "compare_to": 500
  },
  "legs": {
    "type": "origins:armor_value",
    "inverted": false,
    "comparison": "<=",
    "compare_to": 500
  },
  "feet": {
    "type": "origins:armor_value",
    "inverted": false,
    "comparison": "<=",
    "compare_to": 500
  },
  "name": "Bulky",
  "description": "Your iron body is thick and unable to wear armor."
}