{
  "type": "origins:attribute",
  "modifier": {
    "attribute": "minecraft:generic.max_health",
    "operation": "addition",
    "value": "14"
  },
  "type": "origins:attribute",
  "modifier": {
    "attribute": "minecraft:generic.attack_damage",
    "operation": "addition",
    "value": "50"
  },
  "type": "origins:attribute",
  "modifier": {
    "attribute": "minecraft:generic.movement_speed",
    "operation": "addition",
    "value": "-0.035"
  },

  "name": "Colossus",
  "description": "Your body is larger, weighing you down, but also giving you strength."
}