{
  "type": "origins:modify_damage_taken",
  "modifier": {
    "operation": "multiply_base",
    "value": -0.25
  },
  "type": "origins:attribute",
  "modifier": {
    "attribute": "minecraft:knockback_resistance",
    "operation": "addition",
    "value": "-0.2"
  },
  "type": "origins:attribute",
  "modifier": {
    "attribute": "minecraft:generic.max_health",
    "operation": "addition",
    "value": "-6"
  },

  "name": "Weak",
  "description": "Born mostly of magic, your physical form is somewhat puny. You have three less hearts, and burn easier."
}