{
	"type": "origins:stacking_status_effect",
	"min_stacks": 0,
	"max_stacks": 1,
	"duration_per_stack": 20,
	"effect":
	{
		"effect": "minecraft:slowness",
		"show_particles": false
	},

	"condition":
	{
		"type": "origins:or",
		"conditions":
		[
			{
				"type": "origins:biome",
				"biome": "minecraft:frozen_ocean"
			},
			{
				"type": "origins:biome",
				"biome": "minecraft:deep_frozen_ocean"
			},
			{
				"type": "origins:biome",
				"biome": "minecraft:snowy_taiga_hills"
			},
			{
				"type": "origins:biome",
				"biome": "minecraft:snowy_mountains"
			},
			{
				"type": "origins:biome",
				"biome": "minecraft:snowy_tundra"
			},
			{
				"type": "origins:biome",
				"biome": "minecraft:ice_spikes"
			},
			{
				"type": "origins:biome",
				"biome": "minecraft:snowy_taiga"
			},
			{
				"type": "origins:biome",
				"biome": "minecraft:snowy_taiga_mountains"
			},
			{
				"type": "origins:biome",
				"biome": "minecraft:frozen_river"
			},
			{
				"type": "origins:biome",
				"biome": "minecraft:snowy_beach"
			}
		],
		"inverted": true
	},
	"name": "Need for cold",
	"description": "You slow down while you are not in your preferred environment."
}