{
    "type": "origins:action_over_time",
    "entity_action": {
        "type": "origins:apply_effect",
        "effect": {
            "effect": "minecraft:slow_falling",
            "duration": 4,
            "amplifier": 0,
            "show_particles": false,
            "show_icon": false
        }
    },
    "interval": 3,
    "condition": {
        "type": "origins:power_active",
        "power": "ghastborn:fly_toggle",
        "inverted": true
    },
    "hidden": true
}