{
	"type": "origins:active_self",
	"entity_action": {
		"type": "origins:if_else",
		"condition": {
			"type": "origins:or",
			"conditions": [
				{
				"type": "origins:equipped_item",
				"equipment_slot": "mainhand",
				"item_condition": {
					"type": "origins:ingredient",
					"ingredient": {
						"item": "minecraft:iron_ingot"
						}
					}
				},
				{
				"type": "origins:equipped_item",
				"equipment_slot": "offhand",
				"item_condition": {
					"type": "origins:ingredient",
					"ingredient": {
						"item": "minecraft:iron_ingot"
						}
					}
				}
			]
		},
		"if_action": {
			"type": "origins:and",
			"actions": [
				{
					 "type": "origins:heal",
						"amount": 2
				},
				
				{	
					"type": "origins:if_else",
					"condition": {
						"type": "origins:or",
						"conditions": [
							{
							"type": "origins:equipped_item",
							"equipment_slot": "mainhand",
							"item_condition": {
								"type": "origins:ingredient",
								"ingredient": {
									"item": "minecraft:iron_ingot"
									}
								}
							}
						]
					},
					"if_action": {
						"type": "origins:execute_command",
						"command": "clear @s minecraft:iron_ingot 1",
						"permission_level": 4
						},
					"else_action": {
						"type": "origins:execute_command",
						"command": "clear @s minecraft:iron_ingot 1",
						"permission_level": 4
						}
				}
			]
		}
	},
	"cooldown": 20,
	"hud_render": {
			"should_render": false,
			"bar_index": 0
		},
	"key": "secondary",
	"name": "Metal Maniac",
	"description": "You have the ability to consume iron or netherite."
}
