{
  "name": "Scales",
  "hidden":true,
  "description": "Your thick skin prevents against magic and normal damage, but prevents most armors from fitting.",
  "type": "origins:action_on_callback",
  "entity_action_respawned": {
    "type": "origins:execute_command",
    "command": "effect give @s minecraft:saturation 1 0",
    "permission_level": 4
  },
  "entity_action_chosen":{
	"type": "origins:execute_command",
    "command": "effect give @s minecraft:saturation 1 0",
    "permission_level": 4
  }
}