{
  "powers": [
	"cyborg:coalasfood",
	"cyborg:consume",
	"cyborg:eating",
	"cyborg:eating2",
	"cyborg:hp",
	"cyborg:no",
	"cyborg:ouch",
	"cyborg:res",
	"cyborg:res2",
	"cyborg:sink",
	"cyborg:solar",
	"cyborg:strength",
	"cyborg:wingless",
	"cyborg:wingless2",
	"cyborg:immuno",
	 "origins:strong_arms",
  "origins:fire_immunity",
  "origins:no_cobweb_slowdown",
  "origins:fall_immunity",
  "origins:water_vulnerability"
 
 
  
  
  
  
	
  ],
  "icon": "iron_ingot",
  "order": 1,
  "impact": 2,
  "name": "Cyborg",
	"description": "Half man, half machine, all metallic fury."
}