{
	"powers": [
		"cryorigins:souls",
		"cryorigins:souls_respawn",
		"cryorigins:soul_siphon",
		"cryorigins:souls_damage",
		"cryorigins:souls_damage_two",
		"cryorigins:souls_damage_three",
		"cryorigins:souls_damage_four",
		"cryorigins:souls_speed",
		"cryorigins:souls_speed_two",
		"cryorigins:souls_speed_three",
		"cryorigins:souls_speed_four",
		"cryorigins:souls_particle",
		"cryorigins:souls_particle_two",
		"cryorigins:souls_nightvision",
		"cryorigins:souls_cripple",
		"cryorigins:souls_lifesteal",
		"cryorigins:grim_harvest",
		"origins:translucent",
		"cryorigins:ravenous",
		"cryorigins:ravenous_consume_souls",
		"cryorigins:ravenous_hunger",
		"cryorigins:ravenous_hunger_two",
		"cryorigins:pale_skin",
		"cryorigins:pale_skin_two"
	],
	"icon": "minecraft:netherite_hoe",
	"order": 16,
	"impact": 2,
	"name": "Animaconsuma",
	"description": "A race of half-wraiths. They consume pain to satiate themselves and grow stronger, but must constantly feed."
}