{
	"powers": [
		"cryorigins:dissolve",
		"cryorigins:dissolve_two",
		"cryorigins:dissolve_three",
		"cryorigins:sky_shields",
		"cryorigins:sky_shield_generate",
		"cryorigins:sky_shield",
		"cryorigins:sky_shield_destroy",
		"cryorigins:brittle_scales",
		"cryorigins:hydration",
		"cryorigins:hydration_water",
		"cryorigins:hydration_biomes",
		"cryorigins:hydration_nether",
		"cryorigins:hydration_fire",
		"cryorigins:sea_diet"
	],
	"icon": "minecraft:sea_lantern",
	"order": 14,
	"impact": 2,
	"name": "Fischeran",
	"description": "They once hailed from the skies, acting as sailors, until one day they fell into the ocean and have adapted there since."
}