{
	"powers": [
		"origins:fire_immunity",
		"cryorigins:fragorae_o_obsidian_shell1",
		"cryorigins:fragorae_o_obsidian_shell2",
		"cryorigins:fragorae_o_shattermeter",
		"cryorigins:fragorae_o_shattermeter_rise",
		"cryorigins:fragorae_o_shatter",
		"origins:nether_spawn",
		"cryorigins:fragorae_o_density1",
		"cryorigins:fragorae_o_density2",
		"cryorigins:fragorae_o_density3"
	],
	"icon": "minecraft:obsidian",
	"order": 15,
	"impact": 3,
	"name": "Fragorae",
	"description": "They are a kind of golem that constantly harden and moult, never keeping the same form for too long at a time."
}