{
	"powers": [
		"origins:flame_particles",
		"origins:fire_immunity",
		"origins:burning_wrath",
		"origins:hotblooded",
		"cryorigins:fragorae_m_supernova1",
		"cryorigins:fragorae_m_supernova2",
		"cryorigins:fragorae_m_supernova3",
		"cryorigins:fragorae_m_supernova4",
		"cryorigins:fragorae_m_molten_form",
		"cryorigins:fragorae_m_heatmeter",
		"cryorigins:fragorae_m_heatmeter_lower",
		"cryorigins:fragorae_m_heatmeter_water",
		"cryorigins:fragorae_m_heatmeter_lava",
		"origins:nether_spawn",
		"cryorigins:fragorae_m_overcooked"
	],
	"icon": "minecraft:magma_block",
	"order": 15,
	"impact": 3,
	"unchoosable": true,
	"name": "Fragorae",
	"description": "They are a kind of golem that constantly harden and moult, never keeping the same form for too long at a time."
}