{
	"powers": [
		"cryorigins:fulgem_galvanize",
		"cryorigins:fulgem_lightning_rod",
		"cryorigins:fulgem_lightning_resist",
		"cryorigins:fulgem_charge",
		"cryorigins:fulgem_thermalmeter",
		"cryorigins:fulgem_thermal_shielding",
		"cryorigins:fulgem_thermalmeter_lower",
		"cryorigins:fulgem_thermalmeter_rise",
		"cryorigins:fulgem_effect_immunity",
		"cryorigins:fulgem_construct_body1",
		"cryorigins:fulgem_construct_body2",
		"cryorigins:fulgem_construct_body3",
		"cryorigins:fulgem_construct_body4",
		"cryorigins:fulgem_construct_body5",
		"cryorigins:fulgem_construct_body6",
		"cryorigins:fulgem_heavy_weight1",
		"cryorigins:fulgem_heavy_weight2",
		"cryorigins:fulgem_heavy_weight3",
		"cryorigins:fulgem_skys_wrath1",
		"cryorigins:fulgem_skys_wrath2"
	],
	"icon": "minecraft:end_rod",
	"order": 15,
	"impact": 1,
	"name": "Fulgem",
	"description": "Artificial constructs built to harness the sky. It lashed out against them, but this only works in their favor."
}