{
	"powers": [
		"cryorigins:midaes_ore_sense",
		"cryorigins:midaes_burrower",
		"cryorigins:midaes_stone_body",
		"cryorigins:midaes_prestigious_diet1",
		"cryorigins:midaes_prestigious_diet2",
		"cryorigins:midaes_prestigious_diet3",
		"cryorigins:midaes_prestigious_diet4",
		"cryorigins:midaes_earthbound1",
		"cryorigins:midaes_earthbound2",
		"cryorigins:midaes_earthbound_dimension1",
		"cryorigins:midaes_earthbound_dimension2",
		"cryorigins:midaes_sun_glare1",
		"cryorigins:midaes_sun_glare2",
		"cryorigins:midaes_sun_glare3"
	],
	"icon": "minecraft:golden_pickaxe",
	"order": 14,
	"impact": 1,
	"name": "Midaes",
	"description": "A race of dedicated miners that often live underground. They have a particular love for material things."
}