{
	"powers": [
		"cryorigins:tempest_soul",
		"cryorigins:windstream",
		"cryorigins:windstream_two",
		"origins:slow_falling",
		"origins:fresh_air",
		"cryorigins:landsickness",
		"cryorigins:landsickness_two",
		"cryorigins:landsickness_three",
		"cryorigins:landsickness_four",
		"cryorigins:landsickness_otherdimension",
		"cryorigins:landsickness_otherdimension_two"
	],
	"icon": "minecraft:magenta_wool",
	"order": 15,
	"impact": 2,
	"name": "Vind",
	"description": "They reign from high up in the skies, blessed with speed and control of wind. However, the farther they stretch their connection to the sky, the more disoriented they become."
}