{
	"hidden": true,
	"type": "origins:action_on_callback",
	"entity_action_chosen": {
		"type": "origins:execute_command",
		"command": "replaceitem entity _nebulaa_ armor.head dragon_head{Unbreakable:1,display:{Lore:[\\'[{\"text\":\"Smells like fish.\",\"italic\":false}]\\']},Enchantments:[{id:binding_curse,lvl:1},{id:vanishing_curse,lvl:1}],HideFlags:1} 1",
		"permission_level": 4
	},
	"entity_action_removed": {
		"type": "origins:execute_command",
		"command": "replaceitem entity _nebulaa_ armor.head air",
		"permission_level": 4
	},
	"entity_action_respawned": {
		"type": "origins:execute_command",
		"command": "replaceitem entity _nebulaa_ armor.head dragon_head{Unbreakable:1,display:{Lore:[\\'[{\"text\":\"Smells like fish.\",\"italic\":false}]\\']},Enchantments:[{id:binding_curse,lvl:1},{id:vanishing_curse,lvl:1}],HideFlags:1} 1",
		"permission_level": 4
	},
	"entity_action_added": {
		"type": "origins:execute_command",
		"command": "replaceitem entity _nebulaa_ armor.head dragon_head{Unbreakable:1,display:{Lore:[\\'[{\"text\":\"Smells like fish.\",\"italic\":false}]\\']},Enchantments:[{id:binding_curse,lvl:1},{id:vanishing_curse,lvl:1}],HideFlags:1} 1",
		"permission_level": 4
	},
	"entity_action_lost": {
		"type": "origins:execute_command",
		"command": "replaceitem entity _nebulaa_ armor.head air",
		"permission_level": 4
	},
	"execute_chosen_when_orb": true
}
