{    "type": "origins:modify_damage_taken",	"name": "End Experince",	"description": "You haven't eaten anything but fruit and broken a lot of stone. You're better with a lack of food and punching said stone.",	"hidden":false,    "modifier": {     "name": "nice",     "value": -1,     "operation": "multiply_total"    },    "damage_condition": {        "type": "origins:or",        "conditions": [        {            "type": "origins:name",            "name": "indirectMagic"        },        {            "type": "origins:name",            "name": "starve"        }    ]    }}