{
	"type": "origins:active_self",
	"entity_action": {
		"type": "origins:and",
		"actions": [
			{
				"type": "origins:execute_command",
				"command": "origin set @s origins:origin gold:codeshifter_gold",
				"permission_level": 4
			},
			{
				"type": "origins:apply_effect",
				"effect": {
					"effect": "minecraft:slowness",
					"duration": 100,
					"amplifier": 4
				}
			},
			{
				"type": "origins:execute_command",
				"command": "clear @s minecraft:gold_ingot 1",
				"permission_level": 4
			}
		]
	},
	"hud_render": {
		"should_render": false
	},
	"cooldown": 20,
	"condition": {
		"type": "origins:equipped_item",
        "inverted": false,
        "equipment_slot": "mainhand",
        "item_condition": {
            "type": "origins:ingredient",
            "inverted": false,
            "ingredient": {
                "item": "minecraft:gold_ingot"
            }
        }
	},
	"hidden": true
}