{
  "type": "origins:phasing",
  "active_by_default": false,
  "blacklist": true,
  "render_type": "blindness",
  "view_distance": 100,
  "block_condition": {
    "type": "origins:in_tag",
    "tag": "origins:unphasable"
  },
  "phase_down_condition": {
    "type": "origins:and",
    "conditions": [
      {
        "type": "origins:sneaking"
      },
      {
        "type": "origins:on_block"
      }
    ]
  },
  "condition": {
    "type": "origins:power_active",
    "power": "origins:phantomize"
  },
  "key": "primary",
  "name": "Clip.rar",
  "description": "You enter a state of ethereality, clipping straight through all surfaces at the cost of gaining corruption, you may also use the secondary key to gain a bit of velocity, you will also not take fall damage."
}