{
  "type": "origins:action_on_callback",
  "entity_action_chosen": {
    "type": "origins:execute_command",
    "command": "tellraw @s {\"text\":\"> sv_cheats 1\",\"color\":\"#00FF00\",\"italic\":false}",
    "permission_level": 4
  },
  "entity_action_respawned": {
    "type": "origins:and",
    "actions": [
      {
        "type": "origins:and",
        "actions": [
          {
            "type": "origins:execute_command",
            "command": "playsound minecraft:item.elytra.flying master @s ~ ~ ~ 1 1 1",
            "permission_level": 4
          },
          {
            "type": "origins:execute_command",
            "command": "tag @s add screen",
            "permission_level": 4
          },
          {
            "type": "origins:execute_command",
            "command": "tellraw @s {\"text\":\"> Player death confirmed.\",\"color\":\"#00FF00\",\"italic\":false}",
            "permission_level": 4
          },
          {
            "type": "origins:apply_effect",
            "effect": {
              "effect": "minecraft:slowness",
              "duration": 260,
              "amplifier": 50,
              "show_particles": true,
              "show_icon": false
            }
          },
          {
            "type": "origins:apply_effect",
            "effect": {
              "effect": "minecraft:invisibility",
              "duration": 260,
              "amplifier": 50,
              "show_particles": true,
              "show_icon": false
            }
          },
          {
            "type": "origins:apply_effect",
            "effect": {
              "effect": "minecraft:blindness",
              "duration": 260,
              "amplifier": 50,
              "show_particles": true,
              "show_icon": false
            }
          },
          {
            "type": "origins:apply_effect",
            "effect": {
              "effect": "minecraft:weakness",
              "duration": 260,
              "amplifier": 50,
              "show_particles": true,
              "show_icon": false
            }
          },
          {
            "type": "origins:apply_effect",
            "effect": {
              "effect": "minecraft:resistance",
              "duration": 260,
              "amplifier": 50,
              "show_particles": true,
              "show_icon": false
            }
          }
        ]
      },
      {
        "type": "origins:delay",
        "ticks": 20,
        "action": {
          "type": "origins:execute_command",
          "command": "tellraw @s {\"text\":\"> Calibrating respawn location...\",\"color\":\"#00FF00\",\"italic\":false}",
          "permission_level": 4
        }
      },
      {
        "type": "origins:delay",
        "ticks": 40,
        "action": {
          "type": "origins:execute_command",
          "command": "tellraw @s {\"text\":\"> .\",\"color\":\"#00FF00\",\"italic\":false}",
          "permission_level": 4
        }
      },
      {
        "type": "origins:delay",
        "ticks": 60,
        "action": {
          "type": "origins:execute_command",
          "command": "tellraw @s {\"text\":\"> ..\",\"color\":\"#00FF00\",\"italic\":false}",
          "permission_level": 4
        }
      },
      {
        "type": "origins:delay",
        "ticks": 80,
        "action": {
          "type": "origins:execute_command",
          "command": "tellraw @s {\"text\":\"> ...\",\"color\":\"#00FF00\",\"italic\":false}",
          "permission_level": 4
        }
      },
      {
        "type": "origins:delay",
        "ticks": 100,
        "action": {
          "type": "origins:execute_command",
          "command": "tellraw @s {\"text\":\"> .\",\"color\":\"#00FF00\",\"italic\":false}",
          "permission_level": 4
        }
      },
      {
        "type": "origins:delay",
        "ticks": 120,
        "action": {
          "type": "origins:execute_command",
          "command": "tellraw @s {\"text\":\"> ..\",\"color\":\"#00FF00\",\"italic\":false}",
          "permission_level": 4
        }
      },
      {
        "type": "origins:delay",
        "ticks": 140,
        "action": {
          "type": "origins:execute_command",
          "command": "tellraw @s {\"text\":\"> ...\",\"color\":\"#00FF00\",\"italic\":false}",
          "permission_level": 4
        }
      },
      {
        "type": "origins:delay",
        "ticks": 160,
        "action": {
          "type": "origins:execute_command",
          "command": "tellraw @s {\"text\":\"> .\",\"color\":\"#00FF00\",\"italic\":false}",
          "permission_level": 4
        }
      },
      {
        "type": "origins:delay",
        "ticks": 180,
        "action": {
          "type": "origins:execute_command",
          "command": "tellraw @s {\"text\":\"> ..\",\"color\":\"#00FF00\",\"italic\":false}",
          "permission_level": 4
        }
      },
      {
        "type": "origins:delay",
        "ticks": 200,
        "action": {
          "type": "origins:execute_command",
          "command": "tellraw @s {\"text\":\"> ...\",\"color\":\"#00FF00\",\"italic\":false}",
          "permission_level": 4
        }
      },
      {
        "type": "origins:delay",
        "ticks": 220,
        "action": {
          "type": "origins:execute_command",
          "command": "tellraw @s {\"text\":\"> Respawn location calibrated.\",\"color\":\"#00FF00\",\"italic\":false}",
          "permission_level": 4
        }
      },
      {
        "type": "origins:delay",
        "ticks": 230,
        "action": {
          "type": "origins:execute_command",
          "command": "tellraw @s {\"text\":\"> Inserting prepared code into user \\\"\",\"color\":\"#00FF00\",\"extra\":[{\"selector\":\"@p\",\"color\":\"#00FF00\"},{\"text\":\"\\\"\"}]}",
          "permission_level": 4
        }
      },
      {
        "type": "origins:delay",
        "ticks": 250,
        "action": {
          "type": "origins:execute_command",
          "command": "tellraw @s {\"text\":\"> User \\\"\",\"color\":\"#00FF00\",\"extra\":[{\"selector\":\"@s\",\"color\":\"#00FF00\"},{\"text\":\"\\\" is ready to go!\"}]}",
          "permission_level": 4
        }
      },
      {
        "type": "origins:delay",
        "ticks": 250,
        "action": {
          "type": "origins:execute_command",
          "command": "stopsound @s",
          "permission_level": 4
        }
      },
      {
        "type": "origins:delay",
        "ticks": 250,
        "action": {
          "type": "origins:execute_command",
          "command": "tag @s remove screen",
          "permission_level": 4
        }
      }
    ]
  },
  "execute_chosen_when_orb": true,
  "name": "Reboot",
  "description": "Upon destruction of your original file, a new one is reconstructed and imported into your player.file, restarting your save."
}