{
	"type": "origins:action_over_time",
  	"entity_action": {
  		"type": "origins:and",
  		"actions": [
  			{
    			"type": "origins:execute_command",
    			"command": "gamerule showDeathMessages false",
    			"permission_level": 4
    		},
  			{
    			"type": "origins:delay",
    			"ticks": 1,
    			"action": {
    				"type": "origins:execute_command",
    				"command": "kill @s",
    				"permission_level": 4
    			}
    		},
  			{
    			"type": "origins:delay",
    			"ticks": 1,
    			"action": {
    				"type": "origins:execute_command",
    				"command": "gamerule showDeathMessages true",
    				"permission_level": 4
    			}
    		},
  			{
    			"type": "origins:delay",
    			"ticks": 1,
    			"action": {
    				"type": "origins:execute_command",
    				"command": "tellraw @a [{\"selector\":\"@s\",\"italic\":false},{\"text\":\"'s file was corrupted.\"}]",
    				"permission_level": 4
    			}
    		},
    		{
    			"type": "origins:change_resource",
    			"resource": "red:corruptionvisual",
    			"change": -100
    		}
    	]
  	},
  	"interval": 5,
  	"condition": {
      "type": "origins:resource",
      "resource": "red:corruptionvisual",
      "comparison": ">=",
      "compare_to": 100
    },
    "hidden": true
}