{
	"type": "origins:action_over_time",
	"entity_action": {
		"type": "origins:and",
		"actions": [
			{
				"type": "origins:apply_effect",
				"effect": {
					"effect": "minecraft:resistance",
					"duration": 40,
					"amplifier": 3,
					"show_particles": false,
					"show_icon": false
				}
			},
			{
				"type": "origins:execute_command",
				"command": "origin set @s origins:origin cryorigins:fragorae_obsidian",
				"permission_level": 4
			},
			{
				"type": "origins:execute_command",
				"command": "playsound minecraft:entity.blaze.shoot master @s ~ ~ ~ 1 2",
				"permission_level": 4
			},
			{
				"type": "origins:execute_command",
				"command": "playsound block.fire.extinguish master @s ~ ~ ~ 1 1",
				"permission_level": 4
			},
			{
				"type": "origins:execute_command",
				"command": "playsound block.portal.ambient master @s ~ ~ ~ 1 2",
				"permission_level": 4
			},
			{
				"type": "origins:execute_command",
				"command": "playsound entity.iron_golem.repair master @s ~ ~ ~ 1 1.25",
				"permission_level": 4
			},
			{
				"type": "origins:execute_command",
				"command": "particle minecraft:large_smoke ~ ~ ~ 1.5 1 1.5 0.001 200 normal",
				"permission_level": 4
			}
		]
	},
	"interval": 20,
	"condition": {
		"type": "origins:resource",
		"resource": "cryorigins:fragorae_m_heatmeter",
		"comparison": "<=",
		"compare_to": 0
	},
	"name": "Molten Body",
	"description": "You have a meter that reverts you to your Obsidian Form when depleted. It passively depletes, lava recharges it, and water rapidly extinguishes it."
}