{
	"type": "origins:modify_damage_taken",
	"damage_condition": {
		"type": "origins:or",
		"conditions": [
			{
				"type": "origins:name",
				"name": "arrow"
			},
			{
				"type": "origins:name",
				"name": "trident"
			},
			{
				"type": "origins:name",
				"name": "fireworks"
			},
			{
				"type": "origins:name",
				"name": "thrown"
			},
			{
				"type": "origins:name",
				"name": "explosion.player"
			},
			{
				"type": "origins:name",
				"name": "explosion"
			}
		]
	},
	"modifier": {
		"operation": "multiply_total",
		"value": -0.5
	},
	"hidden": true
}