{
	"type": "origins:action_over_time",
	"entity_action": {
		"type": "origins:and",
		"actions": [
			{
				"type": "origins:change_resource",
				"resource": "cryorigins:fragorae_m_heatmeter",
				"change": -8
			},
			{
				"type": "origins:execute_command",
				"command": "playsound block.fire.extinguish master @s ~ ~ ~ 1 1",
				"permission_level": 4
			}
		]
	},
	"interval": 5,
	"condition": {
		"type": "origins:or",
		"conditions": [
			{
				"type": "origins:fluid_height",
				"fluid": "minecraft:water",
				"comparison": ">",
				"compare_to": 0
			},
			{
				"type": "origins:in_rain"
			}
		]
	},
	"hidden": true
}