{
	"type": "origins:active_self",
	"entity_action": {
		"type": "origins:and",
		"actions": [
			{
				"type": "origins:change_resource",
				"resource": "cryorigins:fragorae_o_shattermeter",
				"change": -300
			},
			{
				"type": "origins:apply_effect",
				"effect": {
					"effect": "minecraft:regeneration",
					"duration": 40,
					"amplifier": 5,
					"show_particles": false,
					"show_icon": false
				}
			},
			{
				"type": "origins:execute_command",
				"command": "origin set @s origins:origin cryorigins:fragorae_molten",
				"permission_level": 4
			},
			{
				"type": "origins:execute_command",
				"command": "playsound minecraft:entity.blaze.shoot master @s ~ ~ ~ 1 0.5",
				"permission_level": 4
			},
			{
				"type": "origins:execute_command",
				"command": "playsound block.lava.extinguish master @s ~ ~ ~ 1 0.5",
				"permission_level": 4
			},
			{
				"type": "origins:execute_command",
				"command": "playsound block.portal.ambient master @s ~ ~ ~ 1 2",
				"permission_level": 4
			},
			{
				"type": "origins:execute_command",
				"command": "playsound entity.iron_golem.damage master @s ~ ~ ~ 1 0.5",
				"permission_level": 4
			},
			{
				"type": "origins:execute_command",
				"command": "particle minecraft:large_smoke ~ ~ ~ 1.5 1 1.5 0.001 200 normal",
				"permission_level": 4
			},
			{
				"type": "origins:change_resource",
				"resource": "cryorigins:fragorae_m_heatmeter",
				"change": 300
			}
		]
	},
	"cooldown": 1,
	"hud_render": {
		"should_render": false
	},
	"condition": {
		"type": "origins:resource",
		"resource": "cryorigins:fragorae_o_shattermeter",
		"comparison": ">=",
		"compare_to": 300
	},
	"name": "Shatter",
	"description": "You have a meter that charges up over time. When full, you can activate it to break your shell and enter your Molten Form."
}