{
	"type": "origins:self_action_when_hit",
	"entity_action": {
		"type": "origins:and",
		"actions": [
			{
				"type": "origins:heal",
				"amount": 10
			},
			{
				"type": "origins:execute_command",
				"command": "playsound block.beacon.activate master @s ~ ~ ~ 2 1.5 1",
				"permission_level": 4
			},
			{
				"type": "origins:apply_effect",
				"effects": [
					{
						"effect": "minecraft:speed",
						"duration": 200,
						"show_particles": false,
						"show_icon": false
					},
					{
						"effect": "minecraft:haste",
						"duration": 200,
						"show_particles": false,
						"show_icon": false
					},
					{
						"effect": "minecraft:strength",
						"duration": 200,
						"show_particles": false,
						"show_icon": false
					},
					{
						"effect": "minecraft:resistance",
						"duration": 200,
						"show_particles": false,
						"show_icon": false
					},
					{
						"effect": "minecraft:night_vision",
						"duration": 200,
						"show_particles": false,
						"show_icon": false
					},
					{
						"effect": "minecraft:glowing",
						"duration": 200,
						"show_particles": false,
						"show_icon": false
					}
				]
			}
		]
	},
	"damage_condition": {
		"type": "origins:name",
		"name": "lightningBolt"
	},
	"cooldown": 1,
	"hidden": true
}