{
	"type": "origins:active_self",
	"entity_action": {
		"type": "origins:and",
		"actions": [
			{
				"type": "origins:execute_command",
				"command": "playsound minecraft:item.trident.thunder master @s ~ ~ ~ 1 1.5 1",
				"permission_level": 4
			},
			{
				"type": "origins:execute_command",
				"command": "summon lightning_bolt",
				"permission_level": 4
			}
		]
	},
	"cooldown": 2400,
	"hud_render": {
		"should_render": true,
		"sprite_location": "origins:textures/gui/resource_bar.png",
		"bar_index": 2
	},
	"condition": {
		"type": "origins:and",
		"conditions": [
			{
				"type": "origins:exposed_to_sky"
			},
			{
				"type": "origins:dimension",
				"dimension": "minecraft:overworld"
			}
		]
	},
	"name": "Galvanize",
	"description": "You may command lightning to strike and energize you, though you require a long period to recharge. Requires contact with the overworld sky."
}