{
	"type": "origins:modify_damage_taken",
	"damage_condition": {
		"type": "origins:or",
		"conditions": [
			{
				"type": "origins:name",
				"name": "fall"
			},
			{
				"type": "origins:name",
				"name": "flyIntoWall"
			},
			{
				"type": "origins:name",
				"name": "fireworks"
			},
			{
				"type": "origins:name",
				"name": "explosion.player"
			},
			{
				"type": "origins:name",
				"name": "explosion"
			}
		]
	},
	"modifier": {
		"operation": "multiply_total",
		"value": 0.5
	},
	"name": "Heavy Weight",
	"description": "You take extra kinetic damage and blast damage, as well as move and swim slower."
}