{
	"type": "origins:action_over_time",
	"entity_action": {
		"type": "origins:choice",
		"actions": [
			{
				"weight": 1,
				"element": {
					"type": "origins:execute_command",
					"command": "summon lightning_bolt",
					"permission_level": 4
				}
			},
			{
				"weight": 9,
				"element": {
					"type": "origins:clear_effect",
					"effect": "minecraft:poison"
				}
			}
		]
	},
	"interval": 100,
	"condition": {
		"type": "origins:and",
		"conditions": [
			{
				"type": "origins:in_rain"
			},
			{
				"type": "origins:exposed_to_sky"
			},
			{
				"type": "origins:dimension",
				"dimension": "minecraft:overworld"
			}
		]
	},
	"name": "Lightning Rod",
	"description": "Lightning strikes heal you and grant many buffs. During rainstorms, lightning occasionally strikes you."
}