{
	"type": "origins:action_over_time",
	"entity_action": {
		"type": "origins:change_resource",
		"resource": "cryorigins:fulgem_thermalmeter",
		"change": -1
	},
	"interval": 10,
	"condition": {
		"type": "origins:or",
		"conditions": [
			{
				"type": "origins:status_effect",
				"effect": "minecraft:fire_resistance"
			},
			{
				"type": "origins:and",
				"conditions": [
					{
						"type": "origins:on_fire",
						"inverted": true
					},
					{
						"type": "origins:fluid_height",
						"fluid": "minecraft:lava",
						"comparison": ">",
						"compare_to": 0,
						"inverted": true
					},
					{
						"type": "origins:in_block",
						"block_condition": {
							"type": "origins:in_tag",
							"tag": "fire"
						},
						"inverted": true
					},
					{
						"type": "origins:on_block",
						"block_condition": {
							"type": "origins:block",
							"block": "minecraft:magma_block"
						},
						"inverted": true
					}
				]
			}
		]
	},
	"hidden": true
}