{
	"type": "origins:restrict_armor",
	"head": {
		"type": "origins:ingredient",
		"ingredient":{
		  "item": "minecraft:iron_helmet"
		},
		"inverted": true
	},
	"chest": {
		"type": "origins:ingredient",
		"ingredient":{
		  "item": "minecraft:iron_chestplate"
		},
		"inverted": true
	},
	"legs": {
		"type": "origins:ingredient",
		"ingredient":{
		  "item": "minecraft:iron_leggings"
		},
		"inverted": true
	},
	"feet": {
		"type": "origins:ingredient",
		"ingredient":{
		  "item": "minecraft:iron_boots"
		},
		"inverted": true
	},
	"hidden": true
}