{
	"type": "origins:action_over_time",
	"entity_action": {
		"type": "origins:choice",
		"actions": [
			{
				"element": {
					"type": "origins:add_velocity",
					"x": 2,
					"y": 1
				},
				"weight": 1
			},
			{
				"element": {
					"type": "origins:add_velocity",
					"x": -2,
					"y": 1
				},
				"weight": 1
			},
			{
				"element": {
					"type": "origins:add_velocity",
					"z": 2,
					"y": 1
				},
				"weight": 1
			},
			{
				"element": {
					"type": "origins:add_velocity",
					"z": -2,
					"y": 1
				},
				"weight": 1
			},
			{
				"element": {
					"type": "origins:clear_effect",
					"effect": "minecraft:poison"
				},
				"weight": 4
			}
		]
	},
	"interval": 10,
	"condition": {
		"type": "origins:and",
		"conditions": [
			{
				"type": "origins:in_block",
				"block_condition": {
					"type": "origins:height",
					"comparison": ">=",
					"compare_to": 86
				}
			},
			{
				"type": "origins:dimension",
				"dimension": "minecraft:overworld"
			}
		]
	},
	"hidden": true
}