{
	"type": "origins:modify_damage_taken",
	"damage_condition": {
		"type": "origins:or",
		"conditions": [
			{
				"type": "origins:name",
				"name": "inFire"
			},
			{
				"type": "origins:name",
				"name": "onFire"
			},
			{
				"type": "origins:name",
				"name": "lava"
			},
			{
				"type": "origins:name",
				"name": "hotFloor"
			}
		]
	},
	"modifier": {
		"operation": "multiply_total",
		"value": -1
	},
	"condition": {
		"type": "origins:resource",
		"resource": "cryorigins:fulgem_thermalmeter",
		"comparison": "<",
		"compare_to": 40
	},
	"name": "Thermal Shielding",
	"description": "You have innate temperature shielding that makes you temporarily fireproof, but it can be overheated through long exposure."
}