{
    "type": "origins:modify_damage_dealt",
    "damage_condition": {
      "type": "origins:name",
      "name": "player"
    },
    "modifier": {
       "operation": "addition",
       "value": 4
    },
    "condition": {
        "type": "origins:equipped_item",
        "equipment_slot": "mainhand",
        "item_condition": {
          "type": "origins:or",
          "conditions": [
            {
              "type": "origins:ingredient",
              "ingredient": {
                "item": "minecraft:wooden_hoe"
              }
            },
            {
              "type": "origins:ingredient",
              "ingredient": {
                "item": "minecraft:stone_hoe"
              }
            },
            {
              "type": "origins:ingredient",
              "ingredient": {
                "item": "minecraft:iron_hoe"
              }
            },
            {
              "type": "origins:ingredient",
              "ingredient": {
                "item": "minecraft:golden_hoe"
              }
            },
            {
              "type": "origins:ingredient",
              "ingredient": {
                "item": "minecraft:diamond_hoe"
              }
            },
            {
              "type": "origins:ingredient",
              "ingredient": {
                "item": "minecraft:netherite_hoe"
              }
            }
          ]
        }
    },
    "name": "Grim Harvest",
    "description": "You deal significantly more damage with hoes."
}