{
	"type": "origins:exhaust",
	"interval": 20,
	"exhaustion": 0.05,
	"condition": {
		"type": "origins:and",
		"conditions": [
			{
				"type": "origins:submerged_in",
				"fluid": "minecraft:water",
				"inverted": true
			},
			{
				"type": "origins:in_rain",
				"inverted": true
			},
			{
				"type": "origins:status_effect",
				"effect": "minecraft:fire_resistance",
				"inverted": true
			}
		]
	},
	"name": "Hydration",
	"description": "Your hunger slowly drains while away from water. Heat causes severe dehydration. Can be countered with fire resistance."
}