{
	"type": "origins:exhaust",
	"interval": 20,
	"exhaustion": 0.35,
	"condition": {
		"type": "origins:and",
		"conditions": [
			{
				"type": "origins:dimension",
				"dimension": "minecraft:the_nether"
			},
			{
				"type": "origins:submerged_in",
				"fluid": "minecraft:water",
				"inverted": true
			},
			{
				"type": "origins:in_rain",
				"inverted": true
			},
			{
				"type": "origins:status_effect",
				"effect": "minecraft:fire_resistance",
				"inverted": true
			}
		]
	},
	"hidden": true
}