{
	"type": "origins:exhaust",
	"interval": 20,
	"exhaustion": 0.2,
	"condition": {
		"type": "origins:and",
		"conditions": [
			{
				"type": "origins:or",
				"conditions": [
					{
						"type": "origins:biome",
						"biome": "minecraft:desert"
					},
					{
						"type": "origins:biome",
						"biome": "minecraft:desert_hills"
					},
					{
						"type": "origins:biome",
						"biome": "minecraft:desert_lakes"
					},
					{
						"type": "origins:biome",
						"biome": "minecraft:savanna"
					},
					{
						"type": "origins:biome",
						"biome": "minecraft:savanna_plateau"
					},
					{
						"type": "origins:biome",
						"biome": "minecraft:shattered_savanna"
					},
					{
						"type": "origins:biome",
						"biome": "minecraft:shattered_savanna_plateau"
					},
					{
						"type": "origins:biome",
						"biome": "minecraft:badlands"
					},
					{
						"type": "origins:biome",
						"biome": "minecraft:badlands_plateau"
					},
					{
						"type": "origins:biome",
						"biome": "minecraft:modified_badlands_plateau"
					},
					{
						"type": "origins:biome",
						"biome": "minecraft:wooded_badlands_plateau"
					},
					{
						"type": "origins:biome",
						"biome": "minecraft:modified_wooded_badlands_plateau"
					},
					{
						"type": "origins:biome",
						"biome": "minecraft:eroded_badlands"
					}
				]
			},
			{
				"type": "origins:submerged_in",
				"fluid": "minecraft:water",
				"inverted": true
			},
			{
				"type": "origins:in_rain",
				"inverted": true
			},
			{
				"type": "origins:status_effect",
				"effect": "minecraft:fire_resistance",
				"inverted": true
			}
		]
	},
	"hidden": true
}