{
	"type": "origins:exhaust",
	"interval": 20,
	"exhaustion": 2.95,
	"condition": {
		"type": "origins:and",
		"conditions": [
			{
				"type": "origins:or",
				"conditions": [
					{
						"type": "origins:on_fire"
					},
					{
						"type": "origins:on_block",
						"block_condition": {
							"type": "origins:block",
							"block": "minecraft:magma_block"
						}
					}
				]
			},
			{
				"type": "origins:submerged_in",
				"fluid": "minecraft:water",
				"inverted": true
			},
			{
				"type": "origins:in_rain",
				"inverted": true
			},
			{
				"type": "origins:status_effect",
				"effect": "minecraft:fire_resistance",
				"inverted": true
			}
		]
	},
	"hidden": true
}