{
	"type": "origins:stacking_status_effect",
	"min_stacks": -6,
	"max_stacks": 6,
	"duration_per_stack": 20,
	"effects": [
		{
			"effect": "minecraft:hunger",
			"amplifier": 2,
			"show_particles": false,
			"show_icon": false
		},
		{
			"effect": "minecraft:slowness",
			"show_particles": false,
			"show_icon": false
		}
	],
	"condition": {
		"type": "origins:and",
		"conditions": [
			{
				"type": "origins:in_block",
				"block_condition": {
					"type": "origins:height",
					"comparison": "<",
					"compare_to": 32
				}
			},
			{
				"type": "origins:dimension",
				"dimension": "minecraft:overworld"
			}
		]
	},
	"hidden": true
}