{
	"type": "origins:stacking_status_effect",
	"min_stacks": -4,
	"max_stacks": 12,
	"duration_per_stack": 20,
	"effects": [
		{
			"effect": "minecraft:blindness",
			"show_particles": false,
			"show_icon": false
		},
		{
			"effect": "minecraft:nausea",
			"show_particles": false,
			"show_icon": false
		}
	],
	"condition": {
		"type": "origins:and",
		"conditions": [
			{
				"type": "origins:in_block",
				"block_condition": {
					"type": "origins:height",
					"comparison": "<",
					"compare_to": 16
				}
			},
			{
				"type": "origins:dimension",
				"dimension": "minecraft:overworld"
			}
		]
	},
	"hidden": true
}