{
	"type": "origins:modify_damage_dealt",
	"modifier": {
		"operation": "multiply_total",
		"value": -0.33
	},
	"condition": {
		"type": "origins:and",
		"conditions": [
			{
				"type": "origins:in_block",
				"block_condition": {
					"type": "origins:height",
					"comparison": "<",
					"compare_to": 50
				}
			},
			{
				"type": "origins:dimension",
				"dimension": "minecraft:overworld"
			}
		]
	},
	"name": "Landsickness",
	"description": "The earth disorients you. As you travel to lower altitudes you gradually suffer increasingly severe effects, including reduced damage dealt, increased damage taken, hunger, slowness, blindness, and nausea. In other dimensions, you suffer a heavily diminished version at all times instead."
}