{
	"type": "origins:modify_damage_dealt",
	"modifier": {
		"operation": "multiply_total",
		"value": -0.33
	},
	"condition": {
		"type": "origins:and",
		"conditions": [
			{
				"type": "origins:block_in_radius",
				"block_condition": {
					"type": "origins:in_tag",
					"tag": "base_stone_overworld"
				},
				"radius": 8,
				"inverted": true
			},
			{
				"type": "origins:in_block",
				"block_condition": {
					"type": "origins:height",
					"comparison": ">=",
					"compare_to": 50
				}
			},
			{
				"type": "origins:dimension",
				"dimension": "minecraft:overworld"
			}
		]
	},
	"hidden": true
}