{
	"type": "origins:active_self",
	"cooldown": 40,
	"hud_render": {
	  "should_render": true,
	  "sprite_location":"origins:textures/gui/community/spiderkolo/resource_bar_02.png",
	  "bar_index": 7
	},
	"entity_action": {
		"type": "origins:and",
        "actions": [
            {
                "type": "origins:if_else",
				
				"condition": {
					"type": "origins:and",
					"conditions": [
						{
							"type": "origins:block_in_radius",
							"block_condition": {
								"type": "origins:in_tag",
								"tag": "cryorigins:valuableores"
							},
							"radius": 2
						}
					]
				},			
				
               "if_action": {
					"type": "origins:execute_command",
					"command": "playsound block.note_block.bit master @s ~ ~ ~ 10 2 1",
					"permission_level": 4
				},
				
                "else_action": 
					{
						"type": "origins:if_else",
						
						"condition": {
							"type": "origins:and",
							"conditions": [
								{
									"type": "origins:block_in_radius",
									"block_condition": {
										"type": "origins:in_tag",
										"tag": "cryorigins:valuableores"
									},
									"radius": 3
								}
							]
						},			
						
						"if_action": {
							"type": "origins:execute_command",
							"command": "playsound block.note_block.bit master @s ~ ~ ~ 10 1.6 1",
							"permission_level": 4
						},
						
						"else_action": 
						{
							"type": "origins:if_else",
							
							"condition": {
								"type": "origins:and",
								"conditions": [
									{
										"type": "origins:block_in_radius",
										"block_condition": {
											"type": "origins:in_tag",
											"tag": "cryorigins:valuableores"
										},
										"radius": 4
									}
								]
							},			
							
							"if_action": {
								"type": "origins:execute_command",
								"command": "playsound block.note_block.bit master @s ~ ~ ~ 10 1.3 1",
								"permission_level": 4
							},
							
							"else_action": {
								"type": "origins:if_else",
								
								"condition": {
									"type": "origins:and",
									"conditions": [
										{
											"type": "origins:block_in_radius",
											"block_condition": {
												"type": "origins:in_tag",
												"tag": "cryorigins:valuableores"
											},
											"radius": 5
										}
									]
								},			
								
								"if_action": {
									"type": "origins:execute_command",
									"command": "playsound block.note_block.bit master @s ~ ~ ~ 10 1 1",
									"permission_level": 4
								},
								
								"else_action": {
									"type": "origins:if_else",
									
									"condition": {
										"type": "origins:and",
										"conditions": [
											{
												"type": "origins:block_in_radius",
												"block_condition": {
													"type": "origins:in_tag",
													"tag": "cryorigins:valuableores"
												},
												"radius": 6
											}
										]
									},			
									
									"if_action": {
										"type": "origins:execute_command",
										"command": "playsound block.note_block.bit master @s ~ ~ ~ 10 0.8 1",
										"permission_level": 4
									},
									
									"else_action": {
										"type": "origins:if_else",
										
										"condition": {
											"type": "origins:and",
											"conditions": [
												{
													"type": "origins:block_in_radius",
													"block_condition": {
														"type": "origins:in_tag",
														"tag": "cryorigins:valuableores"
													},
													"radius": 7
												}
											]
										},			
										
										"if_action": {
											"type": "origins:execute_command",
											"command": "playsound block.note_block.bit master @s ~ ~ ~ 10 0.65 1",
											"permission_level": 4
										},
										
										"else_action": {
											"type": "origins:if_else",
											
											"condition": {
												"type": "origins:and",
												"conditions": [
													{
														"type": "origins:block_in_radius",
														"block_condition": {
															"type": "origins:in_tag",
															"tag": "cryorigins:valuableores"
														},
														"radius": 8
													}
												]
											},			
											
											"if_action": {
												"type": "origins:execute_command",
												"command": "playsound block.note_block.bit master @s ~ ~ ~ 10 0.5 1",
												"permission_level": 4
											},
								
											"else_action": {
												"type": "origins:if_else",
												
												"condition": {
													"type": "origins:and",
													"conditions": [
														{
															"type": "origins:block_in_radius",
															"block_condition": {
																"type": "origins:block",
																"block": "minecraft:iron_ore"
															},
															"radius": 2
														}
													]
												},			
												
												"if_action": {
													"type": "origins:execute_command",
													"command": "playsound block.note_block.xylophone master @s ~ ~ ~ 10 1.2 1",
													"permission_level": 4
												},
												
												"else_action": {
													"type": "origins:if_else",
													
													"condition": {
														"type": "origins:and",
														"conditions": [
															{
																"type": "origins:block_in_radius",
																"block_condition": {
																	"type": "origins:block",
																	"block": "minecraft:iron_ore"
																},
																"radius": 3
															}
														]
													},			
													
													"if_action": {
														"type": "origins:execute_command",
														"command": "playsound block.note_block.xylophone master @s ~ ~ ~ 10 1 1",
														"permission_level": 4
													},
													
													"else_action": {
														"type": "origins:if_else",
														
														"condition": {
															"type": "origins:and",
															"conditions": [
																{
																	"type": "origins:block_in_radius",
																	"block_condition": {
																		"type": "origins:block",
																		"block": "minecraft:iron_ore"
																	},
																	"radius": 4
																}
															]
														},			
														
														"if_action": {
															"type": "origins:execute_command",
															"command": "playsound block.note_block.xylophone master @s ~ ~ ~ 10 0.8 1",
															"permission_level": 4
														},
														
														"else_action": {
															"type": "origins:if_else",
															
															"condition": {
																"type": "origins:and",
																"conditions": [
																	{
																		"type": "origins:block_in_radius",
																		"block_condition": {
																			"type": "origins:block",
																			"block": "minecraft:iron_ore"
																		},
																		"radius": 5
																	}
																]
															},			
															
															"if_action": {
																"type": "origins:execute_command",
																"command": "playsound block.note_block.xylophone master @s ~ ~ ~ 10 0.6 1",
																"permission_level": 4
															},
															
															"else_action": {
																"type": "origins:execute_command",
																"command": "playsound entity.fishing_bobber.retrieve master @s ~ ~ ~ 10 1 1",
																"permission_level": 4
															}
														}
													}
												}
											}
										}
									}
								}
							}
						}
					}
			}
        ]  
    },
	"name": "Ore Sense",
	"description": "You can echolocate nearby valuable ores through sound. The higher the pitch, the closer the ore is. Iron emits a different frequency. (Credit: JaselUmena#1443)",
	"key": "primary"
}