{
	"type": "origins:modify_food",
	"item_condition": {
		"type": "origins:ingredient",
		"ingredient":{
			"item": "minecraft:golden_carrot"
		}
	},
	"food_modifier": {
		"operation": "multiply_total",
		"value": 0.5
	},
	"saturation_modifier": {
		"operation": "multiply_total",
		"value": 0.25
	},
	"entity_action": {
		"type": "origins:apply_effect",
		"effect": {
			"effect": "minecraft:haste",
			"duration": 1200
		}
	},
	"name": "Prestigious Diet",
	"description": "Eating golden foods satiates you more and grants haste, but other foods are only half as satiating now."
}