{
	"type": "origins:modify_food",
	"item_condition": {
		"type": "origins:and",
		"conditions": [
			{
				"type": "origins:ingredient",
				"ingredient":{
					"item": "minecraft:golden_carrot"
				},
				"inverted": true
			},
			{
				"type": "origins:ingredient",
				"ingredient":{
					"item": "minecraft:golden_apple"
				},
				"inverted": true
			},
			{
				"type": "origins:ingredient",
				"ingredient":{
					"item": "minecraft:enchanted_golden_apple"
				},
				"inverted": true
			}
		]
	},
	"food_modifier": {
		"operation": "multiply_total",
		"value": -0.5
	},
	"saturation_modifier": {
		"operation": "multiply_total",
		"value": -0.25
	},
	"hidden": true
}