{
	"type": "origins:conditioned_attribute",
	"modifier": {
		"attribute": "generic.movement_speed",
		"operation": "multiply_total",
		"value": -0.33
	},
	"tick_rate": 20,
	"condition": {
		"type": "origins:and",
		"conditions": [
			{
				"type": "origins:block_in_radius",
				"block_condition": {
					"type": "origins:in_tag",
					"tag": "base_stone_overworld"
				},
				"radius": 8,
				"inverted": true
			},
			{
				"type": "origins:in_block",
				"block_condition": {
					"type": "origins:height",
					"comparison": ">=",
					"compare_to": 50
				}
			},
			{
				"type": "origins:dimension",
				"dimension": "minecraft:overworld"
			}
		]
	},
	"name": "Earthbound",
	"description": "One with the earth, being too far away from natural stone makes you weaker and slower."
}