{
	"type": "origins:modify_break_speed",
	"modifier": {
		"operation": "multiply_total",
		"value": 0.33
	},
	"condition": {
		"type": "origins:and",
		"conditions": [
			{
				"type": "origins:equipped_item",
				"equipment_slot": "mainhand",
				"item_condition": {
					"type": "origins:or",
					"conditions": [
						{
						  "type": "origins:ingredient",
						  "ingredient": {
							"item": "minecraft:wooden_pickaxe"
							}
						},
						{
						  "type": "origins:ingredient",
						  "ingredient": {
							"item": "minecraft:stone_pickaxe"
							}
						},
						{
						  "type": "origins:ingredient",
						  "ingredient": {
							"item": "minecraft:iron_pickaxe"
							}
						},
						{
						  "type": "origins:ingredient",
						  "ingredient": {
							"item": "minecraft:golden_pickaxe"
							}
						},
						{
						  "type": "origins:ingredient",
						  "ingredient": {
							"item": "minecraft:diamond_pickaxe"
							}
						},
						{
						  "type": "origins:ingredient",
						  "ingredient": {
							"item": "minecraft:netherite_pickaxe"
							}
						}
					]
				}
			},
			{
				"type": "origins:using_effective_tool"
			}
		]
	},
	"name": "Burrower",
	"description": "Breaking effective blocks with a pickaxe is 33% faster for you."
}