{
  "type": "origins:prevent_item_use",
  "item_condition": {
    "type": "origins:and",
    "conditions": [
      {
        "type": "origins:ingredient",
        "ingredient":{
          "item": "minecraft:rotten_flesh"
        },
        "inverted": true
      },
      {
        "type": "origins:food"
      }
    ]
  },
  "name": "Ravenous",
  "description": "You cannot digest anything other than Rotten Flesh. Your hunger passively drains, and you passively consume souls to refill it."
}