{
	"type": "origins:self_action_when_hit",
	"entity_action": {
		"type": "origins:and",
		"actions": [
			{
				"type": "origins:change_resource",
				"resource": "cryorigins:sky_shields",
				"change": -1
			},
			{
				"type": "origins:execute_command",
				"command": "playsound item.trident.riptide_1 master @s ~ ~ ~ 1 1.75 1",
				"permission_level": 4
			}
		]
	},
	"damage_condition": {
		"type": "origins:or",
		"conditions": [
			{
				"type": "origins:name",
				"name": "mob"
			},
			{
				"type": "origins:name",
				"name": "player"
			},
			{
				"type": "origins:name",
				"name": "arrow"
			},
			{
				"type": "origins:name",
				"name": "trident"
			},
			{
				"type": "origins:name",
				"name": "anvil"
			},
			{
				"type": "origins:name",
				"name": "sting"
			}
		]
	},
	"cooldown": 1,
	"condition": {
		"type": "origins:resource",
		"resource": "cryorigins:sky_shields",
		"comparison": ">",
		"compare_to": 0
	},
	"hidden": true
}