{
	"type": "origins:modify_damage_taken",
	"damage_condition": {
		"type": "origins:or",
		"conditions": [
			{
				"type": "origins:name",
				"name": "mob"
			},
			{
				"type": "origins:name",
				"name": "player"
			},
			{
				"type": "origins:name",
				"name": "arrow"
			},
			{
				"type": "origins:name",
				"name": "trident"
			},
			{
				"type": "origins:name",
				"name": "anvil"
			},
			{
				"type": "origins:name",
				"name": "sting"
			}
		]
	},
	"modifier": {
		"operation": "multiply_total",
		"value": -0.999
	},
	"condition": {
		"type": "origins:resource",
		"resource": "cryorigins:sky_shields",
		"comparison": ">",
		"compare_to": 0
	},
	"name": "Sky Shield",
	"description": "Remnants of the wind protect you, allowing you to dodge a physical attack every 15 seconds. Stores up to 4 charges."
}