{
	"type": "origins:self_action_on_hit",
	"entity_action": {
		"type": "origins:and",
		"actions": [
			{
				"type": "origins:change_resource",
				"resource": "cryorigins:souls",
				"change": 1
			},
			{
				"type": "origins:execute_command",
				"command": "playsound block.enchantment_table.use master @s ~ ~ ~ 1 2 1",
				"permission_level": 4
			}
		]
	},
	"damage_condition": {
		"type": "origins:amount",
		"comparison": ">=",
		"compare_to": 4
	},
	"cooldown": 1,
	"name": "Soul Siphon",
	"description": "Dealing 2 hearts of damage or more in a single hit generates 1 soul. You can store up to 50 souls, with increasing positive effects per 10 souls."
}