{
	"type": "origins:active_self",
	"entity_action": {
		"type": "origins:and",
		"actions": [
			{
				"type": "origins:apply_effect",
				"effects": [
					{
						"effect": "minecraft:resistance",
						"duration": 120,
						"amplifier": 4,
						"show_particles": true,
						"show_icon": false
					},
					{
						"effect": "minecraft:speed",
						"duration": 120,
						"amplifier": 1,
						"show_particles": true,
						"show_icon": false
					}
				]
			},
			{
				"type": "origins:execute_command",
				"command": "playsound minecraft:item.trident.riptide_2 master @s ~ ~ ~ 1 1",
				"permission_level": 4
			}
		]
	},
	"cooldown": 1200,
	"hud_render": {
		"should_render": true,
		"sprite_location": "origins:textures/gui/community/spiderkolo/resource_bar_03.png",
		"bar_index": 23
	},
	"condition": {
		"type": "origins:and",
		"conditions": [
			{
				"type": "origins:in_block",
				"block_condition": {
					"type": "origins:height",
					"comparison": ">=",
					"compare_to": 32
				}
			},
			{
				"type": "origins:exposed_to_sky"
			},
			{
				"type": "origins:dimension",
				"dimension": "minecraft:overworld"
			}
		]
	},
	"name": "Tempest Soul",
	"description": "Every minute, you may briefly enchant yourself with invulnerability to most damage and increased agility, so long as you have contact with the overworld sky and your altitude is high enough."
}