{
	"type": "origins:conditioned_attribute",
	"modifier": {
		"attribute": "generic.movement_speed",
		"operation": "addition",
		"value": 0.025
	},
	"tick_rate": 20,
	"condition": {
		"type": "origins:and",
		"conditions": [
			{
				"type": "origins:in_block",
				"block_condition": {
					"type": "origins:and",
					"conditions": [
						{
							"type": "origins:height",
							"comparison": ">=",
							"compare_to": 50
						},
						{
							"type": "origins:height",
							"comparison": "<",
							"compare_to": 86
						}
					]
				}
			},
			{
				"type": "origins:exposed_to_sky"
			},
			{
				"type": "origins:dimension",
				"dimension": "minecraft:overworld"
			}
		]
	},
	"hidden": true
}