{
	"type": "origins:conditioned_attribute",
	"modifier": {
		"attribute": "generic.movement_speed",
		"operation": "addition",
		"value": 0.05
	},
	"tick_rate": 20,
	"condition": {
		"type": "origins:and",
		"conditions": [
			{
				"type": "origins:in_block",
				"block_condition": {
					"type": "origins:height",
					"comparison": ">=",
					"compare_to": 86
				}
			},
			{
				"type": "origins:exposed_to_sky"
			},
			{
				"type": "origins:dimension",
				"dimension": "minecraft:overworld"
			}
		]
	},
	"name": "Windstream",
	"description": "One with the wind, your movement is increased based on altitude. You require contact with the overworld sky for this."
}