{
  "powers": [
    "genesis:ironskin",
    "origins:strong_arms",
    "origins:more_exhaustion",
    "genesis:clumsy",
    "genesis:bulky",
    "genesis:steadfast",
    "genesis:bigman",
    "genesis:more_knockback",
    "genesis:strong",
    "genesis:colossus"
  ],
  "icon": "minecraft:iron_block",
  "order": 10,
  "impact": 3,
  "name":"Golemborn",
  "description": "Golemborn are few and far. Goliaths, like unto their forefathers, they retain some of their strength but only some of their size."
}