{
  "type": "origins:action_over_time",
    "entity_action": {
      "type": "origins:change_resource",
      "resource": "orange:corruptionvisual",
      "change": -1
    },
  	"interval": 6,
  	"condition": {
  		"inverted": true,
    	"type": "origins:power_active",
    	"power": "origins:phantomize"
    },
    "name": "Overload",
    "description": "Your CPU can't handle all these file changes at once, and each command increases your corruption % until your player.file is corrupted and and deleted, your CPU cools down over time, however."
}