{
    "type": "origins:active_self",
    "entity_action": {
    	"type": "origins:and",
        "actions": [
        	{
        		"type": "origins:add_velocity",
        		"z": 2,
        		"space": "local"
    		},
    		{
                "type": "origins:change_resource",
                "resource": "orange:corruptionvisual",
                "change": 10
    		}
    	]
    },
    "cooldown": 10,
    "hud_render": {
        "should_render": true,
        "sprite_location": "origins:textures/gui/community/spiderkolo/resource_bar_03.png",
        "bar_index": 16
    },
    "condition": {
		"inverted": false,
    	"type": "origins:power_active",
    	"power": "origins:phantomize"
    },
    "key": "secondary",
    "hidden": true
}