{
	"powers": [
		"origins:carnivore",
		"origins:natural_armor",
		"race:fire_breath",
		"origins:fire_immunity",
		"origins:water_vulnerability",
		"origins:nether_spawn",
		"origins:more_exhaustion",
		"origins:hotblooded",
		"origins:launch_into_air",
		"origins:elytra"
	],	
	"icon": "minecraft:dragon_head",
	"order": 10,
	"impact": 3,
	"name": "Draconic",
	"description": "Dragon-like denizens of the nether with scales as tough as obsidian and capable of flight, but severely weak to water."
}
