{
    "type": "origins:active_self",
    "entity_action": {
        "type": "origins:apply_effect",
        "effects": {
            "effect": "minecraft:bad_omen",
            "duration": 10,
            "amplifier": 1
        }

    },
    "active_by_default": false,
    "strength": 1.0,
    "key": {
        "key": "key.origins.primary_active",
        "continuous": false
    },
    "cooldown": 100,
	    "hud_render": {
        "should_render": true,
        "bar_index": 2
    },
    "hidden": false,
    "name": "Raid Starter",
    "description": "You activate Bad Omen, also causing everyone else you know on the server if you play on one to hate or love you."
}