{
 "type": "origins:active_self",
  "entity_action": {
	"type": "origins:apply_effect",
        "effects": {
            "effect": "minecraft:fire_resistance",
            "duration": 3000,
            "amplifier": 3
        }
	},
    "active_by_default": false,
    "strength": 1.0,
    "key": {
        "key": "key.origins.primary_active",
        "continuous": false
	},
 "cooldown": 4500,
 "hud_render": {
        "should_render": true,
        "bar_index": 2
	},
	"hidden": false,
	"name": "Lava Alert",
	"description": "Panic Button, only use if you fall into lava."
}