{
 "type": "origins:active_self",
  "entity_action": {
	"type": "origins:apply_effect",
        "effects": {
            "effect": "minecraft:haste",
            "duration": 3000,
            "amplifier": 2
        }
	},
    "active_by_default": false,
    "strength": 1.0,
    "key": {
        "key": "key.origins.secondary_active",
        "continuous": false
	},
 "cooldown": 4500,
 "hud_render": {
        "should_render": true,
        "bar_index": 2
	},
	"hidden": false,
	"name": "Cave Mining Speed",
	"description": "Your hands feel two times more effective."
}