{
  "type": "origins:restrict_armor",
  "head": {
    "type": "origins:armor_value",
    "comparison": ">",
    "compare_to": 1
  },
  "chest": {
    "type": "origins:armor_value",
    "comparison": ">",
    "compare_to": 3
  },
  "legs": {
    "type": "origins:armor_value",
    "comparison": ">",
    "compare_to": 2
  },
  "feet": {
    "type": "origins:armor_value",
    "comparison": ">",
    "compare_to": 1  },
	"name": "Relief from clothes",
	"description": "You decide to only wear leather armor as your only armor type."
}