{
	"type": "origins:stacking_status_effect",
	"min_stacks": 0,
	"max_stacks": 5,
	"duration_per_stack": 50,
	"effects": [{
			"effect": "minecraft:speed",
			"duration": 1,
			"amplifier": 2
		},
		{
			"effect": "minecraft:strength",
			"duration": 25,
			"amplifier": 4
		}
	],
	"condition": {
		"type": "origins:or",
		"conditions": [{
				"type": "origins:biome",
				"biome": "minecraft:snowy_tundra"
			},
			{
				"type": "origins:biome",
				"biome": "minecraft:snowy_mountains"
			},
			{
				"type": "origins:biome",
				"biome": "minecraft:ice_spikes"
			},
			{
				"type": "origins:biome",
				"biome": "minecraft:mountains"
			},
			{
				"type": "origins:biome",
				"biome": "minecraft:wooded_mountains"
			},
			{
				"type": "origins:biome",
				"biome": "minecraft:mountain_edge"
			},
			{
				"type": "origins:biome",
				"biome": "minecraft:snowy_taiga"
			},
			{
				"type": "origins:biome",
				"biome": "minecraft:snowy_taiga_hills"
			},
			{
				"type": "origins:biome",
				"biome": "minecraft:snowy_taiga_mountains"
			},
			{
				"type": "origins:biome",
				"biome": "minecraft:deep_frozen_ocean"
			},
			{
				"type": "origins:biome",
				"biome": "minecraft:frozen_ocean"
			}
		]
	},
	"name": "Freezing Temperatures",
	"description": "You feel right at home in the coldest uninhabitital regions of world, to the point you feel amost empowered to protect it."
}