{
  "type": "origins:active_self",
  "entity_action": {
    "type": "origins:spawn_effect_cloud",
    "radius": 35.0,
	"wait_time": 0,
    "effect": {
      "effect": "minecraft:blindness",
      "amplifier": 1,
      "duration": 200
    }
  },
  "cooldown": 1000,
  "hud_render": {
        "should_render": true,
        "bar_index": 2
    },
    "hidden": false,
    "name": "Blinding Spit",
    "description": "Your spit blinds all those unimmue causing you be able to escape easily without being seen."
}