{
    "type": "origins:active_self",
    "entity_action": {
        "type": "origins:apply_effect",
        "effects": {
            "effect": "minecraft:absorption",
            "duration": 10000,
            "amplifier": 3
        }
    },
    "active_by_default": false,
    "strength": 1.0,
    "key": {
        "key": "key.origins.primary_active",
        "continuous": false
    },
 "cooldown": 1200,
 "hud_render": {
        "should_render": true,
        "bar_index": 2
    },
    "hidden": false,
    "name": "Escape From Death",
    "description": "Heal a full hotbar of health."
}