{
  "type": "origins:active_self",
  "entity_action": {
    "type": "origins:spawn_effect_cloud",
    "radius": 12.0,
	"wait_time": 1,
    "effect": {
      "effect": "minecraft:slowness",
      "amplifier": 100,
      "duration": 200
    }
  },
  "cooldown": 1000,
  "hud_render": {
        "should_render": true,
        "bar_index": 2
    },
    "hidden": false,
    "name": "Freezing Breath",
    "description": "Your breath freezes your prey almost in place before you strike."
}