{
  "type": "origins:damage_over_time",
  "interval": 20,
  "onset_delay": 1,
  "damage": 2,
  "damage_easy": 1,
  "damage_source": {
    "name": "onFire",
    "unblockable": true,
    "bypasses_armor": true
  },
  "protection_enchantment": "moborigins:heat_protection",
  "protection_effectiveness": 1.0,
  "condition": {
      "type": "moborigins:biome_temperature",
      "comparison": ">",
      "compare_to": 1.0
  },
  "name": "Slow Burn",
  "description": "You feel as if there's a scorching pain going through your body that screams at you to stay away, if you don't listen you should suffer the consequnces."
}