{
	"type": "origins:stacking_status_effect",
	"min_stacks": 0,
	"max_stacks": 50,
	"duration_per_stack": 50,
	"effects": [{
			"effect": "minecraft:slowness",
			"duration": 1,
			"amplifier": 5
		},
		{
			"effect": "minecraft:night_vision",
			"duration": 1,
			"amplifier": 2
		}
	],
    "condition": {
        "type": "origins:brightness",
        "inverted": false,
        "comparison": ">",
        "compare_to": 9.5
    },
  "name": "Alluring Lights",
    "description": "Your body incapable of not looking into the bright lights among the human world you find a certain fascination in the lights, its almost a primal instinct but as you are part human you hold yourself as you know better . . . but still you slow down to admire it and you stay the more you want to remain with it.",
    "strength": 1,
    "loading_priority": 0
}


