{
 "type": "origins:active_self",
  "entity_action": {
	"type": "origins:apply_effect",
        "effects": {
            "effect": "minecraft:haste",
            "duration": 300,
            "amplifier": 3
        }
	},
    "active_by_default": false,
    "strength": 1.0,
    "key": {
        "key": "key.origins.secondary_active",
        "continuous": false
	},
 "cooldown": 700,
 "hud_render": {
        "should_render": true,
        "bar_index": 2
	},
	"hidden": false,
	"name": "Overload",
	"description": "You suddenly feel, besides the joke your arms seem to move at 3x the speed as normal, effect goes on for 100 seconds."
}