{
  "type": "origins:action_over_time",
  "entity_action": {
    "type": "origins:apply_effect",
    "effect": {
      "effect": "minecraft:regeneration",
      "duration": 200,
      "amplifier": 1
    }
  },
  "interval": 40,
  "condition": {
    "type": "origins:block_in_radius",
    "block_condition": {
      "type": "origins:in_tag",
      "tag": "minecraft:flowers"
    },
    "radius": "3",
    "shape": "cube",
    "comparison": ">=",
    "compare_to": 3
  },
  "name": "Reminder of Home",
	"description": "Whenever near flowers they remind you of how life used to be bringing hope to your soul and mending it causing you to believe you'll you'll see home again one day."
}