{
	"type": "origins:stacking_status_effect",
	"min_stacks": 0,
	"max_stacks": 5,
	"duration_per_stack": 50,
	"effects": [{
			"effect": "minecraft:slowness",
			"duration": 1,
			"amplifier": 1
		},
		{
			"effect": "minecraft:weakness",
			"duration": 5,
			"amplifier": 1
		}
	],
	"condition": {
		"type": "origins:or",
		"conditions": [{
				"type": "origins:biome",
				"biome": "minecraft:snowy_tundra"
			},
			{
				"type": "origins:biome",
				"biome": "minecraft:snowy_mountains"
			},
			{
				"type": "origins:biome",
				"biome": "minecraft:ice_spikes"
			},
			{
				"type": "origins:biome",
				"biome": "minecraft:mountains"
			},
			{
				"type": "origins:biome",
				"biome": "minecraft:wooded_mountains"
			},
			{
				"type": "origins:biome",
				"biome": "minecraft:mountain_edge"
			},
			{
				"type": "origins:biome",
				"biome": "minecraft:snowy_taiga"
			},
			{
				"type": "origins:biome",
				"biome": "minecraft:snowy_taiga_hills"
			},
			{
				"type": "origins:biome",
				"biome": "minecraft:snowy_taiga_mountains"
			},
			{
				"type": "origins:biome",
				"biome": "minecraft:deep_frozen_ocean"
			},
			{
				"type": "origins:biome",
				"biome": "minecraft:frozen_ocean"
			}
		]
	},
	"name": "Adapted Tropical Climate",
	"description": "You feel as if your bones are slowly freezing over in the coldest regions of the world, IT may not kill you but something is bound to."
}