{
	"powers": [
		"origins:nether_spawn",
		"origins:fire_immunity",
                "origins:translucent",
                "netherexpansion:slownessstrike",
                "netherexpansion:lesstired",
                "netherexpansion:tobright",
                "netherexpansion:slownessimmunity",
                "netherexpansion:soulfeast",
                "netherexpansion:1lessheart",
                "netherexpansion:necrovore",
                "netherexpansion:outofplace",
                "netherexpansion:undead",
                "netherexpansion:lava_swimming",
                "netherexpansion:lava_vision"
	],
	"icon": "minecraft:soul_sand",
	"order": 7,
	"impact": 3,
	"name": "Damned",
	"description": "The Damned is an amalgamation of many souls, possibly even hundred. When a human dies and is sent to hell, sometimes their soul mixes with the terrain and becomes soul sand. After many humans mix with the sand, and under certain conditions, the dead will be resurrected as an intangible being. This being holds the desires, memories, and anger that all the souls mixed in it feel and its personality is based on all of these."
}