{
	"powers": [
		"origins:nether_spawn",
		"origins:fire_immunity",
		"netherexpansion:lightweight",
		"netherexpansion:lightweight2",
		"netherexpansion:lightweight3",
		"netherexpansion:lightweight4",
		"netherexpansion:lightweight5",
		"netherexpansion:lightweighttoughness",
		"netherexpansion:lightweighttoughness2",
		"netherexpansion:lightweighttoughness3",
		"netherexpansion:lightweighttoughness4",
		"netherexpansion:witherstrike",
		"netherexpansion:witherimmunity",
		"netherexpansion:goldenslowness",
		"netherexpansion:ironslowness",
		"netherexpansion:diamondslowness",
		"netherexpansion:netheriteslowness",
                "netherexpansion:undead",
                "netherexpansion:lava_vision"
	],
	"icon": "minecraft:stone_sword",
	"order": 6,
	"impact": 3,
	"name": "Withered",
	"description": "The Withered is an ancient race of humans who worshipped The Wither. The Wither was destroyed long ago by Heroes from the Overworld, but the Withered would stay in the nether and adapt to the harsh environment. They believe that beheading others and laying their heads in a specific formation will summon their master once more to rule over the Nether."
}