{
    "type": "origins:active_self",
    "entity_action": {
    	"type": "origins:and",
    	"actions": [
        {
          "type": "origins:change_resource",
          "resource": "cyan:corruptionvisual",
          "change": 50
        },
		{
			"type": "origins:apply_effect",
			"effect": {
				"effect": "minecraft:strength",
				"duration": 200,
				"amplifier": 0
			}
		},
        {
        	"type": "origins:execute_command",
        	"command": "effect give @e[distance=1..40] glowing 3 0 true",
        	"permission_level": 4
        },
        {
          "type": "origins:execute_command",
          "command": "tellraw @s {\"text\":\"> Inserted Glow.json into nearby entities.\",\"color\":\"#00AAFF\",\"italic\":false}",
          "permission_level": 4
        },
        {
          "type": "origins:execute_command",
          "command": "playsound minecraft:block.beacon.power_select master @p ~ ~ ~ 1 1",
          "permission_level": 4
        }
      ]
    },
  "cooldown": 400,
  "hud_render": {
    "should_render": true,
    "sprite_location": "origins:textures/gui/community/spiderkolo/resource_bar_03.png",
    "bar_index": 14
  	},
 	"condition": {
		"inverted": true,
    	"type": "origins:power_active",
    	"power": "origins:phantomize"
    },
  	"key": "secondary",
  	"name": "WireFrameESP_leak.exe",
 	"description": "By pressing your secondary key you can use your totally not suspicious file to see nearby entities for a few seconds."
}