{
	"type": "origins:target_action_on_hit",
	"name": "Decaying Punch",
	"description": "Just like the Wither himself, The Withered will apply the wither effect on anything that they touch.",
	"entity_action": {
		"type": "origins:apply_effect",
		"effect": {
			"effect": "minecraft:wither",
			"amplifier": 1,
			"duration": 80,
			"is_ambient": true
		}
	},
	"damage_condition": {
		"type": "origins:or",
		"conditions": [{
				"type": "origins:name",
				"name": "arrow"
			},
			{
				"type": "origins:name",
				"name": "player"
			}
		]
	},
	"cooldown": 240,
	"hud_render": {
		"should_render": true,
		"bar_index": 2
	}
}