{
    "type": "origins:active_self",
    "entity_action": {
      "type": "origins:and",
      "actions": [
        { "type": "origins:execute_command",
          "command": "tellraw @s[tag=noclip] {\"text\":\"> clip\",\"color\":\"#7f43cc\",\"italic\":false}",
          "permission_level": 4
        },
        { "type": "origins:execute_command",
          "command": "playsound minecraft:ui.button.click master @p ~ ~ ~ 0.1 1 0.1",
          "permission_level": 4
        },
        {
          "type": "origins:execute_command",
          "command": "tellraw @s[tag=!noclip] {\"text\":\"> noclip\",\"color\":\"#7f43cc\",\"italic\":false}",
          "permission_level": 4
        }
      ]
    },
  "cooldown": 0,
  "hud_render": {
    "should_render": false
  },
  "key": "primary",
  "hidden": true
}