{
	"powers": [
		"cyan:noclip",
		"cyan:clipdetect",
		"cyan:noclipdetect",
		"cyan:editcode",
		"cyan:speed",
		"cyan:mat_fullbright",
		"cyan:noclipmessage",
		"cyan:corruptionvisual",
		"cyan:corruption",
		"cyan:process",
		"cyan:add",
		"cyan:preparedcode",
		"cyan:jump",
		"origins:phantomize",
		"cyan:forwardnoclip",
		"cyan:noclipnofall",
		"cyan:corruptionkill",
		"cyan:colorchangedefault",
		"code:colorchangered",
		"code:colorchangepurple",
		"code:colorchangeorange",
		"code:colorchangegold",
		"code:colordesc"
	],
	"icon": "minecraft:blue_dye",
	"order": 0,
	"impact": 3,
	"unchoosable": true,
	"name": "Codeshifter",
	"description": "You are an extremely skilled mind, and spent what felt like eons training to learn how to cheat your way to success, no matter how much physical strength it costs you."
}