{
	"powers": [
		"origins:water_breathing",
		"origins:water_vision",
		"origins:aqua_affinity",
		"origins:swim_speed",
		"origins:like_water",
		"origins:aquatic",
		"origins:conduit_power_on_land",
		"moborigins:land_slowness",
		"myths:elusiveness",
		"myths:never_blind",
		"myths:abnormal_height"
		
	],
	"icon": "minecraft:green_wool",
	"order": 10,
	"impact": 2,
	"name": "Nessy",
	"description": "this beast was long thought extinct but it has been reborn in the deepest depths of the ocean and still remains at the top of the foodchain tearing apart anything it comes across"
}
