{
	"powers": [
		"origins:light_armor",
		"origins:carnivore",
		"origins:strong_arms",
		"origins:strong_arms_break_speed",
		"origins:more_exhaustion",
		"origins:natural_armor",
		"origins:hotblooded",
		"myths:mighty_hunter",
		"extraorigins:all_that_glitters",
		"extraorigins:soul_spooked",
		"myths:abnormal_height",
		"myths:cloth_relief",
		"myths:dash"
		
	],
	"icon": "minecraft:beetroot_soup",
	"order": 10,
	"impact": 3,
	"name": "Minotaur",
	"description": "The Beast lurking deep within the Labyrinth has carved it's way through to the surface to exact vengeance upon all those whose ancestors doomed him to this horrible fate. The Minotaurs have grown resistance to poisoning and hunger due to the years of living off shrooms and lacking proper foods. They're done eating shrooms, flesh seems much tastier. And they seem to have a large stomach. Idea by spaceturtle8008 #2703"
}
