{
	"powers": [
		"origins:fire_immunity",
		"origins:fragile",
		"origins:water_vulnerability",
		"origins:shulker_inventory",
		"origins:climbing",
		"myths:iron_gut",
		"myths:overcharge"
	],
	"icon": "minecraft:music_disc_mellohi",
	"order": 10,
	"impact": 3,
	"name": "Robot",
	"description": "Created deep with a secret laboratory, only now seeing the beautiful open skys of the world. They short circuit upon impact with water. All foods still work as they can convert any substance into a sorce of nutrients."
}
