{
	"powers": [
		"origins:natural_armor",
		"origins:more_exhaustion",
		"origins:no_shield",
		"origins:climbing",
		"origins:fragile",
		"origins:scare_creepers",
		"myths:iron_gut",
		"myths:raw_diet",
		"myths:swift",
		"myths:heat_weakness",
		"myths:cloth_relief",
		"myths:cold_temperature",
		"myths:unstoppable",
		"myths:frozen_breath",
		"myths:bright_is_dark"
		
	],
	"icon": "minecraft:spruce_sapling",
	"order": 10,
	"impact": 3,
	"name": "Wendigo",
	"description": "A long forgotten beast born from desperation has come back with a ravaging hunger, it will seek out any living thing that it could consume, just hoping to finally be full. Idea of Origin by UnknownEntity#1580"
}
